DROP DATABASE MANE_GYM
CREATE DATABASE MANE_GYM
USE MANE_GYM
--CREATE TABLE ROLE
--(
--MAROLE VARCHAR(20) PRIMARY KEY,
--TENROLE NVARCHAR(50)
--)
CREATE TABLE NHANVIEN
(
MANV VARCHAR(20) PRIMARY KEY,
--HINHANH VARBINARY(MAX),
TENNV NVARCHAR(50),
EMAIL VARCHAR(50),
CMND VARCHAR(20),
DIACHI NVARCHAR(50),
NGAYSINH DATE,
GIOITINH NVARCHAR(10),
LUONG INT,
SDT VARCHAR(10),
ROLE NVARCHAR(20),--REFERENCES ROLE(MAROLE)
PASS VARCHAR(20)
)
--------
CREATE TABLE KHACHHANG
(
MAKH VARCHAR(20) PRIMARY KEY,
TENKH NVARCHAR(50),
--HINHANH VARBINARY(MAX),
SDT VARCHAR(10),
EMAIL VARCHAR(50),
)
-------------

CREATE TABLE PHONG
(
MAPHONG VARCHAR(20) PRIMARY KEY,
TENPHONG NVARCHAR(50),
GIA INT
)
-----------
CREATE TABLE DICHVU
(
MADV VARCHAR(20) PRIMARY KEY,
TENDV NVARCHAR(50),
GIA INT,
)
--CREATE TABLE SANPHAM
---(
--MASP VARCHAR(20) PRIMARY KEY,
--TENSP NVARCHAR(50),
--GIA INT,
--)
----------
CREATE TABLE HOADON
(
MAHD VARCHAR(20) PRIMARY KEY,
MAKH VARCHAR(20)FOREIGN KEY REFERENCES KHACHHANG(MAKH),
MANV VARCHAR(20)FOREIGN KEY REFERENCES NHANVIEN(MANV),
MAPHONG VARCHAR(20)FOREIGN KEY REFERENCES PHONG(MAPHONG),
MADV VARCHAR(20)FOREIGN KEY REFERENCES DICHVU(MADV),
--MASP VARCHAR(20)FOREIGN KEY REFERENCES SANPHAM(MASP),
TIEN INT,
NGAY DATE,
)
-----------
--------

CREATE TABLE THIETBI
(
MATB VARCHAR(20) PRIMARY KEY,
TENTB NVARCHAR(50),
SOLUONG INT,
--MAPHONG VARCHAR(20)FOREIGN KEY REFERENCES PHONG(MAPHONG)
)

------------

CREATE TABLE DANHSACHTHONGKE
(
MATK VARCHAR(20) PRIMARY KEY,
MANV VARCHAR(20)FOREIGN KEY REFERENCES NHANVIEN(MANV),
NGAYLAP DATE,
NOIDUNG VARCHAR(100)
)
--CREATE TABLE LICHTAP 
--(
--MALICHTAP VARCHAR(20) PRIMARY KEY,
--MAPT VARCHAR(20)FOREIGN KEY REFERENCES NHANVIEN(MANV),
--MAPHONG VARCHAR(20) FOREIGN KEY REFERENCES PHONG(MAPHONG),
--NGAYDANGKI DATE 
--)
-----Insert NhanVien
INSERT INTO NHANVIEN VALUES('NV001','admin', 'admin@gmail.com', '21563035',N'Bình Định','2-11-2002','Nam',6000000,'058752152','Admin','123456');
INSERT INTO NHANVIEN VALUES('NV002','leminh', 'leminh@gmail.com', '21563026',N'Long An','2-11-2002','Nam',6000000,'058752152','Lễ Tân','123456');
INSERT INTO NHANVIEN VALUES('NV003','leloc', 'leloc@gmail.com', '21563027',N'Tây Ninh','2-11-2002','Nam',6000000,'058752152','Lao Công','123456');
INSERT INTO NHANVIEN VALUES('NV004','phuthinh', 'phuthinh@gmail.com', '27563026',N'Phú Yên','2-11-2002','Nam',6000000,'058752152','PT','123456');
INSERT INTO NHANVIEN VALUES('NV005','minhhoa', 'minhhoa@gmail.com', '21543026',N'Bình Định','2-11-2002','Nam',6000000,'058752152','PT','123456');
INSERT INTO NHANVIEN VALUES('NV006','dangkhoa', 'dangkhoa@gmail.com', '27563026',N'Bình Định','2-11-2002','Nam',6000000,'058752152','PT','123456');
INSERT INTO NHANVIEN VALUES('NV007','kiman', 'kiman@gmail.com', '21567026',N'Bình Định','2-11-2002','Nam',6000000,'058752152','PT','123456');
INSERT INTO NHANVIEN VALUES('NV008','tanduc', 'tanduc@gmail.com', '21963026',N'Bình Định','2-11-2002','Nam',6000000,'058752152','PT','123456');
INSERT INTO NHANVIEN VALUES('NV009','tinhthu', 'tinhthu@gmail.com', '01563026',N'Bình Định','2-11-2002','Nam',6000000,'058752152','PT','123456');
INSERT INTO NHANVIEN VALUES('NV010','thienminh', 'thienminh@gmail.com', '21568886',N'Bình Định','2-11-2002','Nam',6000000,'058752152','PT','123456');
--Insert phong
INSERT INTO PHONG VALUES ('P001','Yoga',150000);
INSERT INTO PHONG VALUES ('P002','Gym', 200000);
INSERT INTO PHONG VALUES ('P003',N'Gội Đầu Vip', 50000);
INSERT INTO PHONG VALUES ('P004',N'Couple 1', 59000);
INSERT INTO PHONG VALUES ('P005',N'Couple 2', 59000);
INSERT INTO PHONG VALUES ('P006',N'Couple 4', 75000);
INSERT INTO PHONG VALUES ('P007',N'Thường 1', 35000);
INSERT INTO PHONG VALUES ('P008',N'Thường 2', 56000);
INSERT INTO PHONG VALUES ('P009',N'Thay đồ nữ', 5000);
INSERT INTO PHONG VALUES ('P010',N'Thay đồ nam', 5000);

--Insert Dịch vụ
INSERT INTO DICHVU VALUES ('DV001',N'Xông hơi', 20000);
INSERT INTO DICHVU VALUES ('DV002',N'Xông hơi vip', 20000);
INSERT INTO DICHVU VALUES ('DV003',N'Xông hơi couple', 20000);
INSERT INTO DICHVU VALUES ('DV004',N'Xông hơi đá nóng', 20000);
INSERT INTO DICHVU VALUES ('DV005',N'Mát xa thư giãn', 20000);
INSERT INTO DICHVU VALUES ('DV006',N'Giản cơ sau tập', 20000);
INSERT INTO DICHVU VALUES ('DV007',N'Ngâm đá lạnh', 20000);
INSERT INTO DICHVU VALUES ('DV008',N'Tắm nước nóng', 20000);
INSERT INTO DICHVU VALUES ('DV009',N'Gội đầu thảo dược', 20000);
INSERT INTO DICHVU VALUES ('DV010',N'Đắp mặt nạ', 20000);

--Insert Khách hàng
INSERT INTO KHACHHANG VALUES('KH001',N'Phú Quốc', '0857222447', 'PhuQuoc@gmail.com');
INSERT INTO KHACHHANG VALUES('KH002',N'Quỳnh Như', '0968030739', 'QuynhNhu@gmail.com');
INSERT INTO KHACHHANG VALUES('KH003',N'Quốc Thắng', '0857222172', 'QuocThang@gmail.com');
INSERT INTO KHACHHANG VALUES('KH004',N'Tấn Quốc', '0857222888', 'tanquoc@gmail.com');
INSERT INTO KHACHHANG VALUES('KH005',N'Quỳnh Hoa', '0987930739', 'Quynhhoa@gmail.com');
INSERT INTO KHACHHANG VALUES('KH006',N'Quốc Minh', '0857274900', 'Quocminhg@gmail.com');
INSERT INTO KHACHHANG VALUES('KH007',N'Phú Thịnh', '0858888447', 'Phuthinh@gmail.com');
INSERT INTO KHACHHANG VALUES('KH008',N'Quỳnh Lê', '0988338980', 'Quynhle@gmail.com');
INSERT INTO KHACHHANG VALUES('KH009',N'Minh Chiến', '0857893758', 'minhchien@gmail.com');
INSERT INTO KHACHHANG VALUES('KH010',N'Quốc Vinh', '0857222173', 'Quocvinh@gmail.com');

--Insert Thiết bị
INSERT INTO THIETBI VALUES('TB001', N'Máy tập chân',5);
INSERT INTO THIETBI VALUES('TB002', N'Tạ đơn',50);
INSERT INTO THIETBI VALUES('TB003', N'Xà đơn',25);
INSERT INTO THIETBI VALUES('TB004', N'Xà kép',55);
INSERT INTO THIETBI VALUES('TB005', N'Máy chạy bộ',10);
INSERT INTO THIETBI VALUES('TB006', N'Máy tập cơ vai',15);
INSERT INTO THIETBI VALUES('TB007', N'Tạ tay',25);
INSERT INTO THIETBI VALUES('TB008', N'Máy hỗ trợ gập bụng',25);
INSERT INTO THIETBI VALUES('TB009', N'Máy mát xa thế hệ mới',5);
INSERT INTO THIETBI VALUES('TB010', N'Ghế để tạ',5);

--Insert Hoa don
INSERT INTO HOADON VALUES ('HD001','KH001','NV001','P007','DV001',1000000,'11-12-2022');
INSERT INTO HOADON VALUES ('HD002','KH001','NV001','P007','DV002',1000000,'11-12-2022');
INSERT INTO HOADON VALUES ('HD003','KH002','NV001','P007','DV004',1000000,'11-12-2022');
INSERT INTO HOADON VALUES ('HD004','KH003','NV001','P007','DV005',1000000,'11-12-2022');
INSERT INTO HOADON VALUES ('HD005','KH005','NV001','P007','DV008',1000000,'11-12-2022');
INSERT INTO HOADON VALUES ('HD006','KH004','NV001','P007','DV009',1000000,'11-12-2022');
INSERT INTO HOADON VALUES ('HD007','KH007','NV001','P007','DV009',1000000,'11-12-2022');
INSERT INTO HOADON VALUES ('HD008','KH009','NV001','P007','DV009',1000000,'11-12-2022');
INSERT INTO HOADON VALUES ('HD009','KH008','NV001','P007','DV009',1000000,'11-12-2022');
INSERT INTO HOADON VALUES ('HD010','KH008','NV001','P007','DV004',1000000,'11-12-2022');

--Insert thongke
INSERT INTO DANHSACHTHONGKE VALUES ('TK001','NV001','11-12-2022',N'Thống kê tháng 12');
INSERT INTO DANHSACHTHONGKE VALUES ('TK002','NV001','11-12-2022',N'Thống kê tháng 12');
INSERT INTO DANHSACHTHONGKE VALUES ('TK003','NV001','11-12-2022',N'Thống kê tháng 12');
INSERT INTO DANHSACHTHONGKE VALUES ('TK004','NV001','11-12-2022',N'Thống kê tháng 12');
INSERT INTO DANHSACHTHONGKE VALUES ('TK005','NV001','11-12-2022',N'Thống kê tháng 12');
INSERT INTO DANHSACHTHONGKE VALUES ('TK006','NV001','11-12-2022',N'Thống kê tháng 12');
INSERT INTO DANHSACHTHONGKE VALUES ('TK007','NV001','11-12-2022',N'Thống kê tháng 12');
INSERT INTO DANHSACHTHONGKE VALUES ('TK008','NV001','11-12-2022',N'Thống kê tháng 12');
INSERT INTO DANHSACHTHONGKE VALUES ('TK009','NV001','11-12-2022',N'Thống kê tháng 12');
INSERT INTO DANHSACHTHONGKE VALUES ('TK010','NV001','11-12-2022',N'Thống kê tháng 12');
